model,test_accuracy,test_f1_macro,n_train_samples,n_val_samples,n_test_samples,spec_freq_bins,spec_time_bins
baseline_v2,0.8718535469107551,0.8909930550903284,5299.0,874.0,874.0,31.0,15.0
noisy_only_v3,0.7151029748283753,0.766128256450837,5299.0,874.0,874.0,31.0,15.0
swsgd_v2,0.8461538461538461,0.7981424721553196,3107.0,494.0,494.0,31.0,15.0
hybrid_v1,0.9177295918367347,0.9116909828035572,9686.0,1568.0,1568.0,31.0,15.0
